Year, Month, Monthly_MSL, Unverified, Linear_Trend, High_Conf., Low_Conf.
1900,1,,,-0.245,-0.233,-0.257,
1900,2,,,-0.245,-0.233,-0.256,
1900,3,,,-0.244,-0.233,-0.256,
1900,4,,,-0.244,-0.233,-0.256,
1900,5,,,-0.244,-0.232,-0.256,
1900,6,,,-0.244,-0.232,-0.255,
1900,7,,,-0.244,-0.232,-0.255,
1900,8,,,-0.243,-0.232,-0.255,
1900,9,,,-0.243,-0.232,-0.255,
1900,10,,,-0.243,-0.231,-0.254,
1900,11,,,-0.243,-0.231,-0.254,
1900,12,,,-0.242,-0.231,-0.254,
1901,1,,,-0.242,-0.231,-0.254,
1901,2,,,-0.242,-0.230,-0.253,
1901,3,,,-0.242,-0.230,-0.253,
1901,4,,,-0.241,-0.230,-0.253,
1901,5,,,-0.241,-0.230,-0.253,
1901,6,,,-0.241,-0.230,-0.252,
1901,7,,,-0.241,-0.229,-0.252,
1901,8,,,-0.240,-0.229,-0.252,
1901,9,,,-0.240,-0.229,-0.252,
1901,10,,,-0.240,-0.229,-0.251,
1901,11,,,-0.240,-0.228,-0.251,
1901,12,,,-0.240,-0.228,-0.251,
1902,1,,,-0.239,-0.228,-0.251,
1902,2,,,-0.239,-0.228,-0.250,
1902,3,,,-0.239,-0.227,-0.250,
1902,4,,,-0.239,-0.227,-0.250,
1902,5,,,-0.238,-0.227,-0.250,
1902,6,,,-0.238,-0.227,-0.249,
1902,7,,,-0.238,-0.227,-0.249,
1902,8,,,-0.238,-0.226,-0.249,
1902,9,,,-0.237,-0.226,-0.249,
1902,10,,,-0.237,-0.226,-0.248,
1902,11,,,-0.237,-0.226,-0.248,
1902,12,,,-0.237,-0.225,-0.248,
1903,1,,,-0.236,-0.225,-0.248,
1903,2,,,-0.236,-0.225,-0.247,
1903,3,,,-0.236,-0.225,-0.247,
1903,4,,,-0.236,-0.225,-0.247,
1903,5,,,-0.236,-0.224,-0.247,
1903,6,,,-0.235,-0.224,-0.246,
1903,7,,,-0.235,-0.224,-0.246,
1903,8,,,-0.235,-0.224,-0.246,
1903,9,,,-0.235,-0.223,-0.246,
1903,10,,,-0.234,-0.223,-0.245,
1903,11,,,-0.234,-0.223,-0.245,
1903,12,,,-0.234,-0.223,-0.245,
1904,1,,,-0.234,-0.223,-0.245,
1904,2,,,-0.233,-0.222,-0.244,
1904,3,,,-0.233,-0.222,-0.244,
1904,4,,,-0.233,-0.222,-0.244,
1904,5,,,-0.233,-0.222,-0.244,
1904,6,,,-0.232,-0.221,-0.243,
1904,7,,,-0.232,-0.221,-0.243,
1904,8,,,-0.232,-0.221,-0.243,
1904,9,,,-0.232,-0.221,-0.243,
1904,10,,,-0.231,-0.221,-0.242,
1904,11,,,-0.231,-0.220,-0.242,
1904,12,,,-0.231,-0.220,-0.242,
1905,1,,,-0.231,-0.220,-0.242,
1905,2,,,-0.231,-0.220,-0.241,
1905,3,,,-0.230,-0.219,-0.241,
1905,4,,,-0.230,-0.219,-0.241,
1905,5,,,-0.230,-0.219,-0.241,
1905,6,,,-0.230,-0.219,-0.240,
1905,7,,,-0.229,-0.219,-0.240,
1905,8,,,-0.229,-0.218,-0.240,
1905,9,,,-0.229,-0.218,-0.240,
1905,10,,,-0.229,-0.218,-0.239,
1905,11,,,-0.228,-0.218,-0.239,
1905,12,,,-0.228,-0.217,-0.239,
1906,1,,,-0.228,-0.217,-0.239,
1906,2,,,-0.228,-0.217,-0.238,
1906,3,,,-0.227,-0.217,-0.238,
1906,4,,,-0.227,-0.216,-0.238,
1906,5,,,-0.227,-0.216,-0.238,
1906,6,,,-0.227,-0.216,-0.237,
1906,7,,,-0.227,-0.216,-0.237,
1906,8,,,-0.226,-0.216,-0.237,
1906,9,,,-0.226,-0.215,-0.237,
1906,10,,,-0.226,-0.215,-0.237,
1906,11,,,-0.226,-0.215,-0.236,
1906,12,,,-0.225,-0.215,-0.236,
1907,1,,,-0.225,-0.214,-0.236,
1907,2,,,-0.225,-0.214,-0.236,
1907,3,,,-0.225,-0.214,-0.235,
1907,4,,,-0.224,-0.214,-0.235,
1907,5,,,-0.224,-0.214,-0.235,
1907,6,,,-0.224,-0.213,-0.235,
1907,7,,,-0.224,-0.213,-0.234,
1907,8,,,-0.223,-0.213,-0.234,
1907,9,,,-0.223,-0.213,-0.234,
1907,10,,,-0.223,-0.212,-0.234,
1907,11,,,-0.223,-0.212,-0.233,
1907,12,,,-0.223,-0.212,-0.233,
1908,1,,,-0.222,-0.212,-0.233,
1908,2,,,-0.222,-0.212,-0.233,
1908,3,,,-0.222,-0.211,-0.232,
1908,4,,,-0.222,-0.211,-0.232,
1908,5,,,-0.221,-0.211,-0.232,
1908,6,,,-0.221,-0.211,-0.232,
1908,7,,,-0.221,-0.210,-0.231,
1908,8,,,-0.221,-0.210,-0.231,
1908,9,,,-0.220,-0.210,-0.231,
1908,10,,,-0.220,-0.210,-0.231,
1908,11,,,-0.220,-0.210,-0.230,
1908,12,,,-0.220,-0.209,-0.230,
1909,1,,,-0.219,-0.209,-0.230,
1909,2,,,-0.219,-0.209,-0.230,
1909,3,,,-0.219,-0.209,-0.229,
1909,4,,,-0.219,-0.208,-0.229,
1909,5,,,-0.219,-0.208,-0.229,
1909,6,,,-0.218,-0.208,-0.229,
1909,7,,,-0.218,-0.208,-0.228,
1909,8,,,-0.218,-0.208,-0.228,
1909,9,,,-0.218,-0.207,-0.228,
1909,10,,,-0.217,-0.207,-0.228,
1909,11,,,-0.217,-0.207,-0.227,
1909,12,,,-0.217,-0.207,-0.227,
1910,1,,,-0.217,-0.206,-0.227,
1910,2,,,-0.216,-0.206,-0.227,
1910,3,,,-0.216,-0.206,-0.226,
1910,4,,,-0.216,-0.206,-0.226,
1910,5,,,-0.216,-0.205,-0.226,
1910,6,,,-0.215,-0.205,-0.226,
1910,7,,,-0.215,-0.205,-0.225,
1910,8,,,-0.215,-0.205,-0.225,
1910,9,,,-0.215,-0.205,-0.225,
1910,10,,,-0.214,-0.204,-0.225,
1910,11,,,-0.214,-0.204,-0.224,
1910,12,,,-0.214,-0.204,-0.224,
1911,1,,,-0.214,-0.204,-0.224,
1911,2,,,-0.214,-0.203,-0.224,
1911,3,,,-0.213,-0.203,-0.223,
1911,4,,,-0.213,-0.203,-0.223,
1911,5,,,-0.213,-0.203,-0.223,
1911,6,,,-0.213,-0.203,-0.223,
1911,7,,,-0.212,-0.202,-0.222,
1911,8,,,-0.212,-0.202,-0.222,
1911,9,,,-0.212,-0.202,-0.222,
1911,10,,,-0.212,-0.202,-0.222,
1911,11,,,-0.211,-0.201,-0.221,
1911,12,,,-0.211,-0.201,-0.221,
1912,1,,,-0.211,-0.201,-0.221,
1912,2,,,-0.211,-0.201,-0.221,
1912,3,,,-0.210,-0.201,-0.220,
1912,4,,,-0.210,-0.200,-0.220,
1912,5,,,-0.210,-0.200,-0.220,
1912,6,,,-0.210,-0.200,-0.220,
1912,7,,,-0.210,-0.200,-0.219,
1912,8,,,-0.209,-0.199,-0.219,
1912,9,,,-0.209,-0.199,-0.219,
1912,10,,,-0.209,-0.199,-0.219,
1912,11,,,-0.209,-0.199,-0.218,
1912,12,,,-0.208,-0.199,-0.218,
1913,1,,,-0.208,-0.198,-0.218,
1913,2,,,-0.208,-0.198,-0.218,
1913,3,,,-0.208,-0.198,-0.217,
1913,4,,,-0.207,-0.198,-0.217,
1913,5,,,-0.207,-0.197,-0.217,
1913,6,,,-0.207,-0.197,-0.217,
1913,7,,,-0.207,-0.197,-0.216,
1913,8,,,-0.206,-0.197,-0.216,
1913,9,,,-0.206,-0.197,-0.216,
1913,10,,,-0.206,-0.196,-0.216,
1913,11,,,-0.206,-0.196,-0.215,
1913,12,,,-0.206,-0.196,-0.215,
1914,1,,,-0.205,-0.196,-0.215,
1914,2,,,-0.205,-0.195,-0.215,
1914,3,,,-0.205,-0.195,-0.214,
1914,4,,,-0.205,-0.195,-0.214,
1914,5,,,-0.204,-0.195,-0.214,
1914,6,,,-0.204,-0.194,-0.214,
1914,7,,,-0.204,-0.194,-0.213,
1914,8,,,-0.204,-0.194,-0.213,
1914,9,,,-0.203,-0.194,-0.213,
1914,10,,,-0.203,-0.194,-0.213,
1914,11,,,-0.203,-0.193,-0.212,
1914,12,,,-0.203,-0.193,-0.212,
1915,1,,,-0.202,-0.193,-0.212,
1915,2,,,-0.202,-0.193,-0.212,
1915,3,,,-0.202,-0.192,-0.211,
1915,4,,,-0.202,-0.192,-0.211,
1915,5,,,-0.202,-0.192,-0.211,
1915,6,,,-0.201,-0.192,-0.211,
1915,7,,,-0.201,-0.192,-0.210,
1915,8,,,-0.201,-0.191,-0.210,
1915,9,,,-0.201,-0.191,-0.210,
1915,10,,,-0.200,-0.191,-0.210,
1915,11,,,-0.200,-0.191,-0.210,
1915,12,,,-0.200,-0.190,-0.209,
1916,1,,,-0.200,-0.190,-0.209,
1916,2,,,-0.199,-0.190,-0.209,
1916,3,,,-0.199,-0.190,-0.209,
1916,4,,,-0.199,-0.190,-0.208,
1916,5,,,-0.199,-0.189,-0.208,
1916,6,,,-0.198,-0.189,-0.208,
1916,7,,,-0.198,-0.189,-0.208,
1916,8,,,-0.198,-0.189,-0.207,
1916,9,,,-0.198,-0.188,-0.207,
1916,10,,,-0.197,-0.188,-0.207,
1916,11,,,-0.197,-0.188,-0.207,
1916,12,,,-0.197,-0.188,-0.206,
1917,1,,,-0.197,-0.188,-0.206,
1917,2,,,-0.197,-0.187,-0.206,
1917,3,,,-0.196,-0.187,-0.206,
1917,4,,,-0.196,-0.187,-0.205,
1917,5,,,-0.196,-0.187,-0.205,
1917,6,,,-0.196,-0.186,-0.205,
1917,7,,,-0.195,-0.186,-0.205,
1917,8,,,-0.195,-0.186,-0.204,
1917,9,,,-0.195,-0.186,-0.204,
1917,10,,,-0.195,-0.186,-0.204,
1917,11,,,-0.194,-0.185,-0.204,
1917,12,,,-0.194,-0.185,-0.203,
1918,1,,,-0.194,-0.185,-0.203,
1918,2,,,-0.194,-0.185,-0.203,
1918,3,,,-0.193,-0.184,-0.203,
1918,4,,,-0.193,-0.184,-0.202,
1918,5,,,-0.193,-0.184,-0.202,
1918,6,,,-0.193,-0.184,-0.202,
1918,7,,,-0.193,-0.183,-0.202,
1918,8,,,-0.192,-0.183,-0.201,
1918,9,,,-0.192,-0.183,-0.201,
1918,10,,,-0.192,-0.183,-0.201,
1918,11,,,-0.192,-0.183,-0.201,
1918,12,,,-0.191,-0.182,-0.200,
1919,1,,,-0.191,-0.182,-0.200,
1919,2,,,-0.191,-0.182,-0.200,
1919,3,,,-0.191,-0.182,-0.200,
1919,4,,,-0.190,-0.181,-0.199,
1919,5,,,-0.190,-0.181,-0.199,
1919,6,,,-0.190,-0.181,-0.199,
1919,7,,,-0.190,-0.181,-0.199,
1919,8,,,-0.189,-0.181,-0.198,
1919,9,,,-0.189,-0.180,-0.198,
1919,10,,,-0.189,-0.180,-0.198,
1919,11,,,-0.189,-0.180,-0.198,
1919,12,,,-0.189,-0.180,-0.197,
1920,1,,,-0.188,-0.179,-0.197,
1920,2,,,-0.188,-0.179,-0.197,
1920,3,,,-0.188,-0.179,-0.197,
1920,4,,,-0.188,-0.179,-0.196,
1920,5,,,-0.187,-0.179,-0.196,
1920,6,,,-0.187,-0.178,-0.196,
1920,7,,,-0.187,-0.178,-0.196,
1920,8,,,-0.187,-0.178,-0.195,
1920,9,,,-0.186,-0.178,-0.195,
1920,10,,,-0.186,-0.177,-0.195,
1920,11,,,-0.186,-0.177,-0.195,
1920,12,,,-0.186,-0.177,-0.194,
1921,1,-0.092,,-0.185,-0.177,-0.194,
1921,2,-0.134,,-0.185,-0.177,-0.194,
1921,3,-0.220,,-0.185,-0.176,-0.194,
1921,4,-0.185,,-0.185,-0.176,-0.193,
1921,5,-0.119,,-0.185,-0.176,-0.193,
1921,6,-0.160,,-0.184,-0.176,-0.193,
1921,7,-0.164,,-0.184,-0.175,-0.193,
1921,8,-0.222,,-0.184,-0.175,-0.192,
1921,9,-0.186,,-0.184,-0.175,-0.192,
1921,10,-0.207,,-0.183,-0.175,-0.192,
1921,11,-0.146,,-0.183,-0.174,-0.192,
1921,12,-0.167,,-0.183,-0.174,-0.191,
1922,1,-0.251,,-0.183,-0.174,-0.191,
1922,2,-0.225,,-0.182,-0.174,-0.191,
1922,3,-0.193,,-0.182,-0.174,-0.191,
1922,4,-0.188,,-0.182,-0.173,-0.190,
1922,5,-0.207,,-0.182,-0.173,-0.190,
1922,6,-0.191,,-0.181,-0.173,-0.190,
1922,7,-0.171,,-0.181,-0.173,-0.190,
1922,8,-0.174,,-0.181,-0.172,-0.189,
1922,9,-0.183,,-0.181,-0.172,-0.189,
1922,10,-0.180,,-0.180,-0.172,-0.189,
1922,11,-0.168,,-0.180,-0.172,-0.189,
1922,12,-0.188,,-0.180,-0.172,-0.188,
1923,1,-0.135,,-0.180,-0.171,-0.188,
1923,2,-0.192,,-0.180,-0.171,-0.188,
1923,3,-0.211,,-0.179,-0.171,-0.188,
1923,4,-0.194,,-0.179,-0.171,-0.187,
1923,5,-0.207,,-0.179,-0.170,-0.187,
1923,6,-0.181,,-0.179,-0.170,-0.187,
1923,7,-0.219,,-0.178,-0.170,-0.187,
1923,8,-0.232,,-0.178,-0.170,-0.186,
1923,9,-0.244,,-0.178,-0.170,-0.186,
1923,10,-0.216,,-0.178,-0.169,-0.186,
1923,11,-0.155,,-0.177,-0.169,-0.186,
1923,12,-0.185,,-0.177,-0.169,-0.186,
1924,1,-0.254,,-0.177,-0.169,-0.185,
1924,2,-0.146,,-0.177,-0.168,-0.185,
1924,3,-0.064,,-0.176,-0.168,-0.185,
1924,4,-0.167,,-0.176,-0.168,-0.185,
1924,5,-0.155,,-0.176,-0.168,-0.184,
1924,6,-0.194,,-0.176,-0.168,-0.184,
1924,7,-0.213,,-0.176,-0.167,-0.184,
1924,8,-0.186,,-0.175,-0.167,-0.184,
1924,9,-0.201,,-0.175,-0.167,-0.183,
1924,10,-0.207,,-0.175,-0.167,-0.183,
1924,11,-0.216,,-0.175,-0.166,-0.183,
1924,12,-0.277,,-0.174,-0.166,-0.183,
1925,1,-0.187,,-0.174,-0.166,-0.182,
1925,2,-0.234,,-0.174,-0.166,-0.182,
1925,3,-0.263,,-0.174,-0.165,-0.182,
1925,4,-0.219,,-0.173,-0.165,-0.182,
1925,5,-0.204,,-0.173,-0.165,-0.181,
1925,6,-0.218,,-0.173,-0.165,-0.181,
1925,7,-0.204,,-0.173,-0.165,-0.181,
1925,8,-0.204,,-0.172,-0.164,-0.181,
1925,9,-0.183,,-0.172,-0.164,-0.180,
1925,10,-0.219,,-0.172,-0.164,-0.180,
1925,11,-0.232,,-0.172,-0.164,-0.180,
1925,12,-0.195,,-0.172,-0.163,-0.180,
1926,1,-0.248,,-0.171,-0.163,-0.179,
1926,2,-0.113,,-0.171,-0.163,-0.179,
1926,3,-0.257,,-0.171,-0.163,-0.179,
1926,4,-0.231,,-0.171,-0.163,-0.179,
1926,5,-0.213,,-0.170,-0.162,-0.178,
1926,6,-0.230,,-0.170,-0.162,-0.178,
1926,7,-0.195,,-0.170,-0.162,-0.178,
1926,8,-0.167,,-0.170,-0.162,-0.178,
1926,9,-0.192,,-0.169,-0.161,-0.177,
1926,10,-0.170,,-0.169,-0.161,-0.177,
1926,11,-0.247,,-0.169,-0.161,-0.177,
1926,12,-0.170,,-0.169,-0.161,-0.177,
1927,1,-0.208,,-0.168,-0.161,-0.176,
1927,2,-0.106,,-0.168,-0.160,-0.176,
1927,3,-0.189,,-0.168,-0.160,-0.176,
1927,4,-0.206,,-0.168,-0.160,-0.176,
1927,5,-0.171,,-0.168,-0.160,-0.175,
1927,6,-0.175,,-0.167,-0.159,-0.175,
1927,7,-0.195,,-0.167,-0.159,-0.175,
1927,8,-0.171,,-0.167,-0.159,-0.175,
1927,9,-0.180,,-0.167,-0.159,-0.174,
1927,10,-0.167,,-0.166,-0.158,-0.174,
1927,11,-0.171,,-0.166,-0.158,-0.174,
1927,12,-0.097,,-0.166,-0.158,-0.174,
1928,1,-0.205,,-0.166,-0.158,-0.173,
1928,2,-0.241,,-0.165,-0.158,-0.173,
1928,3,-0.199,,-0.165,-0.157,-0.173,
1928,4,-0.249,,-0.165,-0.157,-0.173,
1928,5,-0.174,,-0.165,-0.157,-0.172,
1928,6,-0.175,,-0.164,-0.157,-0.172,
1928,7,-0.174,,-0.164,-0.156,-0.172,
1928,8,-0.161,,-0.164,-0.156,-0.172,
1928,9,-0.155,,-0.164,-0.156,-0.171,
1928,10,-0.219,,-0.163,-0.156,-0.171,
1928,11,-0.213,,-0.163,-0.156,-0.171,
1928,12,-0.243,,-0.163,-0.155,-0.171,
1929,1,-0.269,,-0.163,-0.155,-0.170,
1929,2,-0.164,,-0.163,-0.155,-0.170,
1929,3,-0.165,,-0.162,-0.155,-0.170,
1929,4,-0.094,,-0.162,-0.154,-0.170,
1929,5,-0.259,,-0.162,-0.154,-0.169,
1929,6,-0.160,,-0.162,-0.154,-0.169,
1929,7,-0.210,,-0.161,-0.154,-0.169,
1929,8,-0.189,,-0.161,-0.154,-0.169,
1929,9,-0.177,,-0.161,-0.153,-0.168,
1929,10,-0.219,,-0.161,-0.153,-0.168,
1929,11,-0.213,,-0.160,-0.153,-0.168,
1929,12,-0.195,,-0.160,-0.153,-0.168,
1930,1,-0.220,,-0.160,-0.152,-0.167,
1930,2,-0.210,,-0.160,-0.152,-0.167,
1930,3,-0.220,,-0.159,-0.152,-0.167,
1930,4,-0.258,,-0.159,-0.152,-0.167,
1930,5,-0.213,,-0.159,-0.151,-0.167,
1930,6,-0.246,,-0.159,-0.151,-0.166,
1930,7,-0.180,,-0.159,-0.151,-0.166,
1930,8,-0.171,,-0.158,-0.151,-0.166,
1930,9,-0.167,,-0.158,-0.151,-0.166,
1930,10,-0.094,,-0.158,-0.150,-0.165,
1930,11,-0.238,,-0.158,-0.150,-0.165,
1930,12,-0.152,,-0.157,-0.150,-0.165,
1931,1,-0.147,,-0.157,-0.150,-0.165,
1931,2,-0.164,,-0.157,-0.149,-0.164,
1931,3,-0.022,,-0.157,-0.149,-0.164,
1931,4,-0.185,,-0.156,-0.149,-0.164,
1931,5,-0.174,,-0.156,-0.149,-0.164,
1931,6,-0.102,,-0.156,-0.149,-0.163,
1931,7,-0.128,,-0.156,-0.148,-0.163,
1931,8,-0.131,,-0.155,-0.148,-0.163,
1931,9,-0.137,,-0.155,-0.148,-0.163,
1931,10,-0.155,,-0.155,-0.148,-0.162,
1931,11,-0.238,,-0.155,-0.147,-0.162,
1931,12,-0.182,,-0.155,-0.147,-0.162,
1932,1,-0.117,,-0.154,-0.147,-0.162,
1932,2,-0.106,,-0.154,-0.147,-0.161,
1932,3,-0.122,,-0.154,-0.147,-0.161,
1932,4,-0.176,,-0.154,-0.146,-0.161,
1932,5,-0.235,,-0.153,-0.146,-0.161,
1932,6,-0.178,,-0.153,-0.146,-0.160,
1932,7,-0.149,,-0.153,-0.146,-0.160,
1932,8,-0.174,,-0.153,-0.145,-0.160,
1932,9,-0.134,,-0.152,-0.145,-0.160,
1932,10,-0.192,,-0.152,-0.145,-0.159,
1932,11,-0.110,,-0.152,-0.145,-0.159,
1932,12,-0.158,,-0.152,-0.144,-0.159,
1933,1,-0.050,,-0.151,-0.144,-0.159,
1933,2,-0.164,,-0.151,-0.144,-0.158,
1933,3,-0.122,,-0.151,-0.144,-0.158,
1933,4,-0.115,,-0.151,-0.144,-0.158,
1933,5,-0.134,,-0.150,-0.143,-0.158,
1933,6,-0.121,,-0.150,-0.143,-0.157,
1933,7,-0.128,,-0.150,-0.143,-0.157,
1933,8,-0.131,,-0.150,-0.143,-0.157,
1933,9,-0.094,,-0.150,-0.142,-0.157,
1933,10,-0.149,,-0.149,-0.142,-0.156,
1933,11,-0.174,,-0.149,-0.142,-0.156,
1933,12,-0.164,,-0.149,-0.142,-0.156,
1934,1,-0.172,,-0.149,-0.142,-0.156,
1934,2,-0.231,,-0.148,-0.141,-0.155,
1934,3,-0.269,,-0.148,-0.141,-0.155,
1934,4,-0.164,,-0.148,-0.141,-0.155,
1934,5,-0.232,,-0.148,-0.141,-0.155,
1934,6,-0.142,,-0.147,-0.140,-0.154,
1934,7,-0.164,,-0.147,-0.140,-0.154,
1934,8,-0.195,,-0.147,-0.140,-0.154,
1934,9,-0.152,,-0.147,-0.140,-0.154,
1934,10,-0.125,,-0.146,-0.140,-0.153,
1934,11,-0.207,,-0.146,-0.139,-0.153,
1934,12,-0.176,,-0.146,-0.139,-0.153,
1935,1,-0.135,,-0.146,-0.139,-0.153,
1935,2,-0.207,,-0.146,-0.139,-0.152,
1935,3,-0.180,,-0.145,-0.138,-0.152,
1935,4,-0.084,,-0.145,-0.138,-0.152,
1935,5,-0.177,,-0.145,-0.138,-0.152,
1935,6,-0.127,,-0.145,-0.138,-0.151,
1935,7,-0.158,,-0.144,-0.137,-0.151,
1935,8,-0.143,,-0.144,-0.137,-0.151,
1935,9,-0.171,,-0.144,-0.137,-0.151,
1935,10,-0.201,,-0.144,-0.137,-0.150,
1935,11,-0.067,,-0.143,-0.137,-0.150,
1935,12,-0.100,,-0.143,-0.136,-0.150,
1936,1,-0.111,,-0.143,-0.136,-0.150,
1936,2,-0.146,,-0.143,-0.136,-0.150,
1936,3,-0.122,,-0.142,-0.136,-0.149,
1936,4,-0.173,,-0.142,-0.135,-0.149,
1936,5,-0.192,,-0.142,-0.135,-0.149,
1936,6,-0.169,,-0.142,-0.135,-0.149,
1936,7,-0.110,,-0.142,-0.135,-0.148,
1936,8,-0.171,,-0.141,-0.135,-0.148,
1936,9,-0.158,,-0.141,-0.134,-0.148,
1936,10,-0.170,,-0.141,-0.134,-0.148,
1936,11,-0.204,,-0.141,-0.134,-0.147,
1936,12,-0.228,,-0.140,-0.134,-0.147,
1937,1,-0.202,,-0.140,-0.133,-0.147,
1937,2,-0.042,,-0.140,-0.133,-0.147,
1937,3,-0.180,,-0.140,-0.133,-0.146,
1937,4,-0.133,,-0.139,-0.133,-0.146,
1937,5,-0.116,,-0.139,-0.133,-0.146,
1937,6,-0.139,,-0.139,-0.132,-0.146,
1937,7,-0.110,,-0.139,-0.132,-0.145,
1937,8,-0.164,,-0.138,-0.132,-0.145,
1937,9,-0.134,,-0.138,-0.132,-0.145,
1937,10,-0.149,,-0.138,-0.131,-0.145,
1937,11,-0.137,,-0.138,-0.131,-0.144,
1937,12,-0.118,,-0.138,-0.131,-0.144,
1938,1,-0.077,,-0.137,-0.131,-0.144,
1938,2,-0.122,,-0.137,-0.130,-0.144,
1938,3,-0.101,,-0.137,-0.130,-0.143,
1938,4,-0.164,,-0.137,-0.130,-0.143,
1938,5,-0.113,,-0.136,-0.130,-0.143,
1938,6,-0.157,,-0.136,-0.130,-0.143,
1938,7,-0.152,,-0.136,-0.129,-0.142,
1938,8,-0.113,,-0.136,-0.129,-0.142,
1938,9,-0.143,,-0.135,-0.129,-0.142,
1938,10,-0.082,,-0.135,-0.129,-0.142,
1938,11,-0.158,,-0.135,-0.128,-0.141,
1938,12,-0.112,,-0.135,-0.128,-0.141,
1939,1,-0.123,,-0.134,-0.128,-0.141,
1939,2,-0.164,,-0.134,-0.128,-0.141,
1939,3,-0.138,,-0.134,-0.128,-0.140,
1939,4,-0.121,,-0.134,-0.127,-0.140,
1939,5,-0.100,,-0.133,-0.127,-0.140,
1939,6,-0.102,,-0.133,-0.127,-0.140,
1939,7,-0.116,,-0.133,-0.127,-0.139,
1939,8,-0.113,,-0.133,-0.126,-0.139,
1939,9,-0.107,,-0.133,-0.126,-0.139,
1939,10,-0.125,,-0.132,-0.126,-0.139,
1939,11,-0.140,,-0.132,-0.126,-0.138,
1939,12,-0.088,,-0.132,-0.125,-0.138,
1940,1,-0.129,,-0.132,-0.125,-0.138,
1940,2,-0.021,,-0.131,-0.125,-0.138,
1940,3,-0.138,,-0.131,-0.125,-0.137,
1940,4,-0.115,,-0.131,-0.125,-0.137,
1940,5,-0.064,,-0.131,-0.124,-0.137,
1940,6,-0.099,,-0.130,-0.124,-0.137,
1940,7,-0.131,,-0.130,-0.124,-0.136,
1940,8,-0.161,,-0.130,-0.124,-0.136,
1940,9,-0.134,,-0.130,-0.123,-0.136,
1940,10,-0.131,,-0.129,-0.123,-0.136,
1940,11,-0.155,,-0.129,-0.123,-0.136,
1940,12,-0.115,,-0.129,-0.123,-0.135,
1941,1,-0.059,,-0.129,-0.123,-0.135,
1941,2,-0.103,,-0.129,-0.122,-0.135,
1941,3,-0.119,,-0.128,-0.122,-0.135,
1941,4,-0.121,,-0.128,-0.122,-0.134,
1941,5,-0.091,,-0.128,-0.122,-0.134,
1941,6,-0.093,,-0.128,-0.121,-0.134,
1941,7,-0.110,,-0.127,-0.121,-0.134,
1941,8,-0.097,,-0.127,-0.121,-0.133,
1941,9,-0.119,,-0.127,-0.121,-0.133,
1941,10,-0.143,,-0.127,-0.120,-0.133,
1941,11,-0.143,,-0.126,-0.120,-0.133,
1941,12,-0.106,,-0.126,-0.120,-0.132,
1942,1,-0.129,,-0.126,-0.120,-0.132,
1942,2,-0.070,,-0.126,-0.120,-0.132,
1942,3,-0.064,,-0.125,-0.119,-0.132,
1942,4,-0.097,,-0.125,-0.119,-0.131,
1942,5,-0.110,,-0.125,-0.119,-0.131,
1942,6,-0.084,,-0.125,-0.119,-0.131,
1942,7,-0.103,,-0.125,-0.118,-0.131,
1942,8,-0.097,,-0.124,-0.118,-0.130,
1942,9,-0.064,,-0.124,-0.118,-0.130,
1942,10,-0.109,,-0.124,-0.118,-0.130,
1942,11,-0.100,,-0.124,-0.118,-0.130,
1942,12,-0.112,,-0.123,-0.117,-0.129,
1943,1,-0.132,,-0.123,-0.117,-0.129,
1943,2,-0.116,,-0.123,-0.117,-0.129,
1943,3,-0.180,,-0.123,-0.117,-0.129,
1943,4,-0.145,,-0.122,-0.116,-0.128,
1943,5,-0.149,,-0.122,-0.116,-0.128,
1943,6,-0.114,,-0.122,-0.116,-0.128,
1943,7,-0.100,,-0.122,-0.116,-0.128,
1943,8,-0.082,,-0.121,-0.115,-0.127,
1943,9,-0.088,,-0.121,-0.115,-0.127,
1943,10,-0.021,,-0.121,-0.115,-0.127,
1943,11,-0.067,,-0.121,-0.115,-0.127,
1943,12,-0.176,,-0.121,-0.115,-0.126,
1944,1,-0.107,,-0.120,-0.114,-0.126,
1944,2,-0.140,,-0.120,-0.114,-0.126,
1944,3,-0.156,,-0.120,-0.114,-0.126,
1944,4,-0.127,,-0.120,-0.114,-0.125,
1944,5,-0.152,,-0.119,-0.113,-0.125,
1944,6,-0.078,,-0.119,-0.113,-0.125,
1944,7,-0.091,,-0.119,-0.113,-0.125,
1944,8,-0.094,,-0.119,-0.113,-0.124,
1944,9,-0.097,,-0.118,-0.113,-0.124,
1944,10,-0.100,,-0.118,-0.112,-0.124,
1944,11,0.040,,-0.118,-0.112,-0.124,
1944,12,-0.121,,-0.118,-0.112,-0.123,
1945,1,-0.062,,-0.117,-0.112,-0.123,
1945,2,-0.082,,-0.117,-0.111,-0.123,
1945,3,-0.043,,-0.117,-0.111,-0.123,
1945,4,-0.084,,-0.117,-0.111,-0.123,
1945,5,-0.018,,-0.116,-0.111,-0.122,
1945,6,-0.047,,-0.116,-0.110,-0.122,
1945,7,-0.082,,-0.116,-0.110,-0.122,
1945,8,-0.076,,-0.116,-0.110,-0.122,
1945,9,-0.085,,-0.116,-0.110,-0.121,
1945,10,-0.082,,-0.115,-0.110,-0.121,
1945,11,0.015,,-0.115,-0.109,-0.121,
1945,12,0.046,,-0.115,-0.109,-0.121,
1946,1,-0.083,,-0.115,-0.109,-0.120,
1946,2,-0.070,,-0.114,-0.109,-0.120,
1946,3,-0.077,,-0.114,-0.108,-0.120,
1946,4,-0.048,,-0.114,-0.108,-0.120,
1946,5,-0.082,,-0.114,-0.108,-0.119,
1946,6,-0.114,,-0.113,-0.108,-0.119,
1946,7,-0.113,,-0.113,-0.108,-0.119,
1946,8,-0.043,,-0.113,-0.107,-0.119,
1946,9,-0.088,,-0.113,-0.107,-0.118,
1946,10,-0.088,,-0.112,-0.107,-0.118,
1946,11,-0.088,,-0.112,-0.107,-0.118,
1946,12,-0.103,,-0.112,-0.106,-0.118,
1947,1,-0.104,,-0.112,-0.106,-0.117,
1947,2,-0.033,,-0.112,-0.106,-0.117,
1947,3,-0.010,,-0.111,-0.106,-0.117,
1947,4,-0.121,,-0.111,-0.105,-0.117,
1947,5,-0.070,,-0.111,-0.105,-0.116,
1947,6,-0.053,,-0.111,-0.105,-0.116,
1947,7,-0.073,,-0.110,-0.105,-0.116,
1947,8,-0.091,,-0.110,-0.105,-0.116,
1947,9,-0.100,,-0.110,-0.104,-0.115,
1947,10,-0.137,,-0.110,-0.104,-0.115,
1947,11,0.021,,-0.109,-0.104,-0.115,
1947,12,-0.106,,-0.109,-0.104,-0.115,
1948,1,-0.086,,-0.109,-0.103,-0.114,
1948,2,-0.094,,-0.109,-0.103,-0.114,
1948,3,-0.083,,-0.108,-0.103,-0.114,
1948,4,-0.121,,-0.108,-0.103,-0.114,
1948,5,-0.043,,-0.108,-0.103,-0.113,
1948,6,-0.035,,-0.108,-0.102,-0.113,
1948,7,-0.027,,-0.108,-0.102,-0.113,
1948,8,-0.073,,-0.107,-0.102,-0.113,
1948,9,-0.085,,-0.107,-0.102,-0.113,
1948,10,-0.030,,-0.107,-0.101,-0.112,
1948,11,-0.073,,-0.107,-0.101,-0.112,
1948,12,-0.015,,-0.106,-0.101,-0.112,
1949,1,-0.074,,-0.106,-0.101,-0.112,
1949,2,-0.103,,-0.106,-0.100,-0.111,
1949,3,-0.122,,-0.106,-0.100,-0.111,
1949,4,-0.087,,-0.105,-0.100,-0.111,
1949,5,-0.104,,-0.105,-0.100,-0.111,
1949,6,-0.154,,-0.105,-0.100,-0.110,
1949,7,-0.107,,-0.105,-0.099,-0.110,
1949,8,-0.079,,-0.104,-0.099,-0.110,
1949,9,-0.131,,-0.104,-0.099,-0.110,
1949,10,-0.125,,-0.104,-0.099,-0.109,
1949,11,-0.070,,-0.104,-0.098,-0.109,
1949,12,-0.201,,-0.104,-0.098,-0.109,
1950,1,-0.159,,-0.103,-0.098,-0.109,
1950,2,-0.113,,-0.103,-0.098,-0.108,
1950,3,-0.205,,-0.103,-0.097,-0.108,
1950,4,-0.130,,-0.103,-0.097,-0.108,
1950,5,-0.201,,-0.102,-0.097,-0.108,
1950,6,-0.172,,-0.102,-0.097,-0.107,
1950,7,-0.125,,-0.102,-0.097,-0.107,
1950,8,-0.110,,-0.102,-0.096,-0.107,
1950,9,-0.049,,-0.101,-0.096,-0.107,
1950,10,-0.091,,-0.101,-0.096,-0.106,
1950,11,-0.009,,-0.101,-0.096,-0.106,
1950,12,-0.018,,-0.101,-0.095,-0.106,
1951,1,-0.065,,-0.100,-0.095,-0.106,
1951,2,-0.088,,-0.100,-0.095,-0.105,
1951,3,0.012,,-0.100,-0.095,-0.105,
1951,4,-0.063,,-0.100,-0.095,-0.105,
1951,5,-0.015,,-0.099,-0.094,-0.105,
1951,6,-0.041,,-0.099,-0.094,-0.104,
1951,7,-0.082,,-0.099,-0.094,-0.104,
1951,8,-0.064,,-0.099,-0.094,-0.104,
1951,9,-0.079,,-0.099,-0.093,-0.104,
1951,10,-0.067,,-0.098,-0.093,-0.103,
1951,11,-0.067,,-0.098,-0.093,-0.103,
1951,12,-0.091,,-0.098,-0.093,-0.103,
1952,1,-0.056,,-0.098,-0.092,-0.103,
1952,2,-0.009,,-0.097,-0.092,-0.103,
1952,3,-0.031,,-0.097,-0.092,-0.102,
1952,4,-0.091,,-0.097,-0.092,-0.102,
1952,5,-0.006,,-0.097,-0.092,-0.102,
1952,6,-0.090,,-0.096,-0.091,-0.102,
1952,7,-0.119,,-0.096,-0.091,-0.101,
1952,8,-0.122,,-0.096,-0.091,-0.101,
1952,9,-0.103,,-0.096,-0.091,-0.101,
1952,10,-0.146,,-0.095,-0.090,-0.101,
1952,11,-0.097,,-0.095,-0.090,-0.100,
1952,12,-0.027,,-0.095,-0.090,-0.100,
1953,1,0.002,,-0.095,-0.090,-0.100,
1953,2,-0.106,,-0.095,-0.089,-0.100,
1953,3,-0.055,,-0.094,-0.089,-0.099,
1953,4,-0.039,,-0.094,-0.089,-0.099,
1953,5,-0.036,,-0.094,-0.089,-0.099,
1953,6,-0.102,,-0.094,-0.089,-0.099,
1953,7,-0.107,,-0.093,-0.088,-0.098,
1953,8,-0.085,,-0.093,-0.088,-0.098,
1953,9,-0.113,,-0.093,-0.088,-0.098,
1953,10,-0.091,,-0.093,-0.088,-0.098,
1953,11,-0.073,,-0.092,-0.087,-0.097,
1953,12,-0.106,,-0.092,-0.087,-0.097,
1954,1,-0.050,,-0.092,-0.087,-0.097,
1954,2,-0.033,,-0.092,-0.087,-0.097,
1954,3,-0.077,,-0.091,-0.086,-0.096,
1954,4,-0.170,,-0.091,-0.086,-0.096,
1954,5,-0.049,,-0.091,-0.086,-0.096,
1954,6,-0.069,,-0.091,-0.086,-0.096,
1954,7,-0.091,,-0.091,-0.086,-0.095,
1954,8,-0.079,,-0.090,-0.085,-0.095,
1954,9,-0.088,,-0.090,-0.085,-0.095,
1954,10,-0.061,,-0.090,-0.085,-0.095,
1954,11,-0.085,,-0.090,-0.085,-0.095,
1954,12,-0.073,,-0.089,-0.084,-0.094,
1955,1,-0.010,,-0.089,-0.084,-0.094,
1955,2,-0.116,,-0.089,-0.084,-0.094,
1955,3,-0.107,,-0.089,-0.084,-0.094,
1955,4,-0.005,,-0.088,-0.083,-0.093,
1955,5,-0.070,,-0.088,-0.083,-0.093,
1955,6,-0.057,,-0.088,-0.083,-0.093,
1955,7,-0.103,,-0.088,-0.083,-0.093,
1955,8,-0.049,,-0.087,-0.083,-0.092,
1955,9,-0.131,,-0.087,-0.082,-0.092,
1955,10,-0.042,,-0.087,-0.082,-0.092,
1955,11,-0.046,,-0.087,-0.082,-0.092,
1955,12,-0.152,,-0.087,-0.082,-0.091,
1956,1,0.024,,-0.086,-0.081,-0.091,
1956,2,-0.106,,-0.086,-0.081,-0.091,
1956,3,-0.043,,-0.086,-0.081,-0.091,
1956,4,-0.063,,-0.086,-0.081,-0.090,
1956,5,-0.140,,-0.085,-0.080,-0.090,
1956,6,-0.084,,-0.085,-0.080,-0.090,
1956,7,-0.082,,-0.085,-0.080,-0.090,
1956,8,-0.046,,-0.085,-0.080,-0.089,
1956,9,-0.064,,-0.084,-0.080,-0.089,
1956,10,-0.106,,-0.084,-0.079,-0.089,
1956,11,-0.076,,-0.084,-0.079,-0.089,
1956,12,-0.070,,-0.084,-0.079,-0.088,
1957,1,-0.153,,-0.083,-0.079,-0.088,
1957,2,-0.116,,-0.083,-0.078,-0.088,
1957,3,-0.052,,-0.083,-0.078,-0.088,
1957,4,-0.167,,-0.083,-0.078,-0.088,
1957,5,-0.091,,-0.082,-0.078,-0.087,
1957,6,-0.111,,-0.082,-0.077,-0.087,
1957,7,-0.082,,-0.082,-0.077,-0.087,
1957,8,-0.116,,-0.082,-0.077,-0.087,
1957,9,-0.134,,-0.082,-0.077,-0.086,
1957,10,-0.085,,-0.081,-0.077,-0.086,
1957,11,-0.076,,-0.081,-0.076,-0.086,
1957,12,-0.118,,-0.081,-0.076,-0.086,
1958,1,0.057,,-0.081,-0.076,-0.085,
1958,2,0.016,,-0.080,-0.076,-0.085,
1958,3,0.115,,-0.080,-0.075,-0.085,
1958,4,0.025,,-0.080,-0.075,-0.085,
1958,5,-0.094,,-0.080,-0.075,-0.084,
1958,6,-0.096,,-0.079,-0.075,-0.084,
1958,7,-0.073,,-0.079,-0.074,-0.084,
1958,8,-0.091,,-0.079,-0.074,-0.084,
1958,9,-0.061,,-0.079,-0.074,-0.083,
1958,10,-0.045,,-0.078,-0.074,-0.083,
1958,11,-0.082,,-0.078,-0.074,-0.083,
1958,12,-0.124,,-0.078,-0.073,-0.083,
1959,1,-0.095,,-0.078,-0.073,-0.082,
1959,2,-0.170,,-0.078,-0.073,-0.082,
1959,3,-0.116,,-0.077,-0.073,-0.082,
1959,4,-0.094,,-0.077,-0.072,-0.082,
1959,5,-0.149,,-0.077,-0.072,-0.081,
1959,6,-0.096,,-0.077,-0.072,-0.081,
1959,7,-0.167,,-0.076,-0.072,-0.081,
1959,8,-0.082,,-0.076,-0.071,-0.081,
1959,9,-0.097,,-0.076,-0.071,-0.081,
1959,10,-0.070,,-0.076,-0.071,-0.080,
1959,11,-0.122,,-0.075,-0.071,-0.080,
1959,12,-0.057,,-0.075,-0.071,-0.080,
1960,1,-0.007,,-0.075,-0.070,-0.080,
1960,2,0.062,,-0.075,-0.070,-0.079,
1960,3,0.012,,-0.074,-0.070,-0.079,
1960,4,-0.048,,-0.074,-0.070,-0.079,
1960,5,-0.012,,-0.074,-0.069,-0.079,
1960,6,-0.023,,-0.074,-0.069,-0.078,
1960,7,-0.046,,-0.074,-0.069,-0.078,
1960,8,-0.039,,-0.073,-0.069,-0.078,
1960,9,-0.052,,-0.073,-0.068,-0.078,
1960,10,-0.042,,-0.073,-0.068,-0.077,
1960,11,-0.082,,-0.073,-0.068,-0.077,
1960,12,-0.088,,-0.072,-0.068,-0.077,
1961,1,-0.068,,-0.072,-0.068,-0.077,
1961,2,-0.033,,-0.072,-0.067,-0.076,
1961,3,0.003,,-0.072,-0.067,-0.076,
1961,4,0.068,,-0.071,-0.067,-0.076,
1961,5,-0.043,,-0.071,-0.067,-0.076,
1961,6,-0.090,,-0.071,-0.066,-0.075,
1961,7,-0.055,,-0.071,-0.066,-0.075,
1961,8,-0.091,,-0.070,-0.066,-0.075,
1961,9,-0.061,,-0.070,-0.066,-0.075,
1961,10,-0.009,,-0.070,-0.065,-0.075,
1961,11,-0.021,,-0.070,-0.065,-0.074,
1961,12,-0.030,,-0.070,-0.065,-0.074,
1962,1,-0.150,,-0.069,-0.065,-0.074,
1962,2,-0.070,,-0.069,-0.065,-0.074,
1962,3,0.030,,-0.069,-0.064,-0.073,
1962,4,-0.097,,-0.069,-0.064,-0.073,
1962,5,-0.076,,-0.068,-0.064,-0.073,
1962,6,-0.078,,-0.068,-0.064,-0.073,
1962,7,-0.055,,-0.068,-0.063,-0.072,
1962,8,-0.061,,-0.068,-0.063,-0.072,
1962,9,-0.049,,-0.067,-0.063,-0.072,
1962,10,-0.021,,-0.067,-0.063,-0.072,
1962,11,-0.040,,-0.067,-0.062,-0.071,
1962,12,-0.024,,-0.067,-0.062,-0.071,
1963,1,-0.074,,-0.066,-0.062,-0.071,
1963,2,-0.152,,-0.066,-0.062,-0.071,
1963,3,-0.080,,-0.066,-0.061,-0.070,
1963,4,-0.072,,-0.066,-0.061,-0.070,
1963,5,-0.116,,-0.065,-0.061,-0.070,
1963,6,-0.102,,-0.065,-0.061,-0.070,
1963,7,-0.064,,-0.065,-0.061,-0.069,
1963,8,-0.082,,-0.065,-0.060,-0.069,
1963,9,-0.061,,-0.065,-0.060,-0.069,
1963,10,-0.085,,-0.064,-0.060,-0.069,
1963,11,0.024,,-0.064,-0.060,-0.069,
1963,12,-0.097,,-0.064,-0.059,-0.068,
1964,1,-0.025,,-0.064,-0.059,-0.068,
1964,2,-0.033,,-0.063,-0.059,-0.068,
1964,3,-0.046,,-0.063,-0.059,-0.068,
1964,4,-0.173,,-0.063,-0.058,-0.067,
1964,5,-0.085,,-0.063,-0.058,-0.067,
1964,6,-0.105,,-0.062,-0.058,-0.067,
1964,7,-0.094,,-0.062,-0.058,-0.067,
1964,8,-0.073,,-0.062,-0.058,-0.066,
1964,9,-0.070,,-0.062,-0.057,-0.066,
1964,10,-0.061,,-0.061,-0.057,-0.066,
1964,11,-0.040,,-0.061,-0.057,-0.066,
1964,12,-0.085,,-0.061,-0.057,-0.065,
1965,1,-0.062,,-0.061,-0.056,-0.065,
1965,2,-0.055,,-0.061,-0.056,-0.065,
1965,3,-0.086,,-0.060,-0.056,-0.065,
1965,4,-0.060,,-0.060,-0.056,-0.064,
1965,5,-0.079,,-0.060,-0.055,-0.064,
1965,6,-0.072,,-0.060,-0.055,-0.064,
1965,7,-0.079,,-0.059,-0.055,-0.064,
1965,8,-0.100,,-0.059,-0.055,-0.064,
1965,9,-0.110,,-0.059,-0.054,-0.063,
1965,10,-0.070,,-0.059,-0.054,-0.063,
1965,11,-0.058,,-0.058,-0.054,-0.063,
1965,12,-0.051,,-0.058,-0.054,-0.063,
1966,1,0.033,,-0.058,-0.054,-0.062,
1966,2,-0.042,,-0.058,-0.053,-0.062,
1966,3,-0.043,,-0.057,-0.053,-0.062,
1966,4,-0.066,,-0.057,-0.053,-0.062,
1966,5,-0.091,,-0.057,-0.053,-0.061,
1966,6,-0.096,,-0.057,-0.052,-0.061,
1966,7,-0.039,,-0.057,-0.052,-0.061,
1966,8,-0.073,,-0.056,-0.052,-0.061,
1966,9,-0.030,,-0.056,-0.052,-0.060,
1966,10,-0.122,,-0.056,-0.051,-0.060,
1966,11,-0.100,,-0.056,-0.051,-0.060,
1966,12,-0.079,,-0.055,-0.051,-0.060,
1967,1,-0.016,,-0.055,-0.051,-0.059,
1967,2,-0.073,,-0.055,-0.050,-0.059,
1967,3,-0.064,,-0.055,-0.050,-0.059,
1967,4,0.001,,-0.054,-0.050,-0.059,
1967,5,0.003,,-0.054,-0.050,-0.059,
1967,6,-0.063,,-0.054,-0.050,-0.058,
1967,7,-0.049,,-0.054,-0.049,-0.058,
1967,8,-0.070,,-0.053,-0.049,-0.058,
1967,9,-0.058,,-0.053,-0.049,-0.058,
1967,10,-0.100,,-0.053,-0.049,-0.057,
1967,11,-0.088,,-0.053,-0.048,-0.057,
1967,12,-0.012,,-0.053,-0.048,-0.057,
1968,1,-0.111,,-0.052,-0.048,-0.057,
1968,2,-0.049,,-0.052,-0.048,-0.056,
1968,3,-0.052,,-0.052,-0.047,-0.056,
1968,4,-0.087,,-0.052,-0.047,-0.056,
1968,5,-0.027,,-0.051,-0.047,-0.056,
1968,6,-0.008,,-0.051,-0.047,-0.055,
1968,7,-0.067,,-0.051,-0.046,-0.055,
1968,8,-0.070,,-0.051,-0.046,-0.055,
1968,9,-0.070,,-0.050,-0.046,-0.055,
1968,10,-0.088,,-0.050,-0.046,-0.055,
1968,11,0.009,,-0.050,-0.046,-0.054,
1968,12,-0.048,,-0.050,-0.045,-0.054,
1969,1,-0.117,,-0.049,-0.045,-0.054,
1969,2,0.059,,-0.049,-0.045,-0.054,
1969,3,-0.004,,-0.049,-0.045,-0.053,
1969,4,-0.075,,-0.049,-0.044,-0.053,
1969,5,-0.094,,-0.048,-0.044,-0.053,
1969,6,-0.063,,-0.048,-0.044,-0.053,
1969,7,-0.039,,-0.048,-0.044,-0.052,
1969,8,-0.030,,-0.048,-0.043,-0.052,
1969,9,0.012,,-0.048,-0.043,-0.052,
1969,10,0.049,,-0.047,-0.043,-0.052,
1969,11,0.098,,-0.047,-0.043,-0.051,
1969,12,0.074,,-0.047,-0.042,-0.051,
1970,1,0.014,,-0.047,-0.042,-0.051,
1970,2,-0.030,,-0.046,-0.042,-0.051,
1970,3,-0.034,,-0.046,-0.042,-0.050,
1970,4,-0.030,,-0.046,-0.042,-0.050,
1970,5,-0.097,,-0.046,-0.041,-0.050,
1970,6,-0.066,,-0.045,-0.041,-0.050,
1970,7,-0.076,,-0.045,-0.041,-0.050,
1970,8,-0.033,,-0.045,-0.041,-0.049,
1970,9,-0.052,,-0.045,-0.040,-0.049,
1970,10,-0.070,,-0.044,-0.040,-0.049,
1970,11,0.021,,-0.044,-0.040,-0.049,
1970,12,0.080,,-0.044,-0.040,-0.048,
1971,1,-0.001,,-0.044,-0.039,-0.048,
1971,2,-0.024,,-0.044,-0.039,-0.048,
1971,3,0.003,,-0.043,-0.039,-0.048,
1971,4,0.004,,-0.043,-0.039,-0.047,
1971,5,-0.003,,-0.043,-0.038,-0.047,
1971,6,-0.044,,-0.043,-0.038,-0.047,
1971,7,-0.073,,-0.042,-0.038,-0.047,
1971,8,-0.070,,-0.042,-0.038,-0.046,
1971,9,-0.055,,-0.042,-0.038,-0.046,
1971,10,0.006,,-0.042,-0.037,-0.046,
1971,11,0.073,,-0.041,-0.037,-0.046,
1971,12,-0.021,,-0.041,-0.037,-0.046,
1972,1,-0.050,,-0.041,-0.037,-0.045,
1972,2,-0.003,,-0.041,-0.036,-0.045,
1972,3,0.033,,-0.040,-0.036,-0.045,
1972,4,0.019,,-0.040,-0.036,-0.045,
1972,5,0.018,,-0.040,-0.036,-0.044,
1972,6,0.017,,-0.040,-0.035,-0.044,
1972,7,-0.012,,-0.040,-0.035,-0.044,
1972,8,-0.039,,-0.039,-0.035,-0.044,
1972,9,0.006,,-0.039,-0.035,-0.043,
1972,10,-0.048,,-0.039,-0.034,-0.043,
1972,11,0.055,,-0.039,-0.034,-0.043,
1972,12,0.046,,-0.038,-0.034,-0.043,
1973,1,0.027,,-0.038,-0.034,-0.042,
1973,2,0.023,,-0.038,-0.033,-0.042,
1973,3,0.048,,-0.038,-0.033,-0.042,
1973,4,0.037,,-0.037,-0.033,-0.042,
1973,5,0.015,,-0.037,-0.033,-0.042,
1973,6,-0.032,,-0.037,-0.033,-0.041,
1973,7,0.028,,-0.037,-0.032,-0.041,
1973,8,0.025,,-0.036,-0.032,-0.041,
1973,9,-0.012,,-0.036,-0.032,-0.041,
1973,10,-0.045,,-0.036,-0.032,-0.040,
1973,11,-0.067,,-0.036,-0.031,-0.040,
1973,12,-0.027,,-0.036,-0.031,-0.040,
1974,1,-0.019,,-0.035,-0.031,-0.040,
1974,2,-0.018,,-0.035,-0.031,-0.039,
1974,3,-0.074,,-0.035,-0.030,-0.039,
1974,4,-0.033,,-0.035,-0.030,-0.039,
1974,5,-0.021,,-0.034,-0.030,-0.039,
1974,6,-0.029,,-0.034,-0.030,-0.039,
1974,7,-0.003,,-0.034,-0.029,-0.038,
1974,8,-0.067,,-0.034,-0.029,-0.038,
1974,9,-0.003,,-0.033,-0.029,-0.038,
1974,10,-0.122,,-0.033,-0.029,-0.038,
1974,11,-0.018,,-0.033,-0.028,-0.037,
1974,12,-0.006,,-0.033,-0.028,-0.037,
1975,1,-0.047,,-0.032,-0.028,-0.037,
1975,2,-0.033,,-0.032,-0.028,-0.037,
1975,3,-0.046,,-0.032,-0.028,-0.036,
1975,4,-0.023,,-0.032,-0.027,-0.036,
1975,5,-0.033,,-0.031,-0.027,-0.036,
1975,6,-0.017,,-0.031,-0.027,-0.036,
1975,7,-0.033,,-0.031,-0.027,-0.035,
1975,8,-0.006,,-0.031,-0.026,-0.035,
1975,9,-0.043,,-0.031,-0.026,-0.035,
1975,10,0.012,,-0.030,-0.026,-0.035,
1975,11,0.003,,-0.030,-0.026,-0.035,
1975,12,-0.012,,-0.030,-0.025,-0.034,
1976,1,-0.028,,-0.030,-0.025,-0.034,
1976,2,-0.073,,-0.029,-0.025,-0.034,
1976,3,-0.049,,-0.029,-0.025,-0.034,
1976,4,-0.023,,-0.029,-0.024,-0.033,
1976,5,-0.082,,-0.029,-0.024,-0.033,
1976,6,-0.093,,-0.028,-0.024,-0.033,
1976,7,-0.009,,-0.028,-0.024,-0.033,
1976,8,-0.009,,-0.028,-0.023,-0.032,
1976,9,-0.024,,-0.028,-0.023,-0.032,
1976,10,-0.061,,-0.027,-0.023,-0.032,
1976,11,-0.097,,-0.027,-0.023,-0.032,
1976,12,-0.155,,-0.027,-0.023,-0.031,
1977,1,-0.080,,-0.027,-0.022,-0.031,
1977,2,-0.082,,-0.027,-0.022,-0.031,
1977,3,-0.064,,-0.026,-0.022,-0.031,
1977,4,-0.109,,-0.026,-0.022,-0.031,
1977,5,-0.024,,-0.026,-0.021,-0.030,
1977,6,0.014,,-0.026,-0.021,-0.030,
1977,7,-0.064,,-0.025,-0.021,-0.030,
1977,8,-0.055,,-0.025,-0.021,-0.030,
1977,9,0.028,,-0.025,-0.020,-0.029,
1977,10,0.003,,-0.025,-0.020,-0.029,
1977,11,-0.018,,-0.024,-0.020,-0.029,
1977,12,0.055,,-0.024,-0.020,-0.029,
1978,1,0.005,,-0.024,-0.019,-0.028,
1978,2,0.104,,-0.024,-0.019,-0.028,
1978,3,-0.058,,-0.023,-0.019,-0.028,
1978,4,0.007,,-0.023,-0.019,-0.028,
1978,5,-0.021,,-0.023,-0.018,-0.028,
1978,6,-0.066,,-0.023,-0.018,-0.027,
1978,7,-0.051,,-0.023,-0.018,-0.027,
1978,8,-0.033,,-0.022,-0.018,-0.027,
1978,9,-0.021,,-0.022,-0.017,-0.027,
1978,10,-0.057,,-0.022,-0.017,-0.026,
1978,11,-0.039,,-0.022,-0.017,-0.026,
1978,12,-0.043,,-0.021,-0.017,-0.026,
1979,1,0.054,,-0.021,-0.017,-0.026,
1979,2,-0.054,,-0.021,-0.016,-0.025,
1979,3,-0.125,,-0.021,-0.016,-0.025,
1979,4,-0.030,,-0.020,-0.016,-0.025,
1979,5,-0.049,,-0.020,-0.016,-0.025,
1979,6,-0.075,,-0.020,-0.015,-0.025,
1979,7,-0.057,,-0.020,-0.015,-0.024,
1979,8,-0.023,,-0.019,-0.015,-0.024,
1979,9,-0.072,,-0.019,-0.015,-0.024,
1979,10,-0.048,,-0.019,-0.014,-0.024,
1979,11,-0.106,,-0.019,-0.014,-0.023,
1979,12,-0.095,,-0.019,-0.014,-0.023,
1980,1,-0.074,,-0.018,-0.014,-0.023,
1980,2,-0.036,,-0.018,-0.013,-0.023,
1980,3,-0.098,,-0.018,-0.013,-0.022,
1980,4,-0.044,,-0.018,-0.013,-0.022,
1980,5,0.002,,-0.017,-0.013,-0.022,
1980,6,-0.045,,-0.017,-0.012,-0.022,
1980,7,-0.049,,-0.017,-0.012,-0.022,
1980,8,-0.051,,-0.017,-0.012,-0.021,
1980,9,-0.069,,-0.016,-0.012,-0.021,
1980,10,-0.045,,-0.016,-0.011,-0.021,
1980,11,-0.049,,-0.016,-0.011,-0.021,
1980,12,-0.118,,-0.016,-0.011,-0.020,
1981,1,-0.123,,-0.015,-0.011,-0.020,
1981,2,-0.119,,-0.015,-0.010,-0.020,
1981,3,0.015,,-0.015,-0.010,-0.020,
1981,4,-0.115,,-0.015,-0.010,-0.019,
1981,5,-0.033,,-0.014,-0.010,-0.019,
1981,6,-0.038,,-0.014,-0.010,-0.019,
1981,7,-0.030,,-0.014,-0.009,-0.019,
1981,8,-0.018,,-0.014,-0.009,-0.019,
1981,9,0.018,,-0.014,-0.009,-0.018,
1981,10,-0.073,,-0.013,-0.009,-0.018,
1981,11,0.012,,-0.013,-0.008,-0.018,
1981,12,0.031,,-0.013,-0.008,-0.018,
1982,1,-0.068,,-0.013,-0.008,-0.017,
1982,2,-0.082,,-0.012,-0.008,-0.017,
1982,3,-0.101,,-0.012,-0.007,-0.017,
1982,4,-0.124,,-0.012,-0.007,-0.017,
1982,5,-0.061,,-0.012,-0.007,-0.016,
1982,6,0.056,,-0.011,-0.007,-0.016,
1982,7,-0.043,,-0.011,-0.006,-0.016,
1982,8,-0.058,,-0.011,-0.006,-0.016,
1982,9,-0.055,,-0.011,-0.006,-0.015,
1982,10,0.019,,-0.010,-0.006,-0.015,
1982,11,-0.113,,-0.010,-0.005,-0.015,
1982,12,-0.033,,-0.010,-0.005,-0.015,
1983,1,-0.022,,-0.010,-0.005,-0.015,
1983,2,0.068,,-0.010,-0.005,-0.014,
1983,3,0.097,,-0.009,-0.004,-0.014,
1983,4,0.068,,-0.009,-0.004,-0.014,
1983,5,-0.009,,-0.009,-0.004,-0.014,
1983,6,-0.023,,-0.009,-0.004,-0.013,
1983,7,0.015,,-0.008,-0.004,-0.013,
1983,8,0.009,,-0.008,-0.003,-0.013,
1983,9,-0.015,,-0.008,-0.003,-0.013,
1983,10,0.012,,-0.008,-0.003,-0.013,
1983,11,0.079,,-0.007,-0.003,-0.012,
1983,12,0.004,,-0.007,-0.002,-0.012,
1984,1,-0.040,,-0.007,-0.002,-0.012,
1984,2,0.004,,-0.007,-0.002,-0.012,
1984,3,0.045,,-0.006,-0.002,-0.011,
1984,4,0.105,,-0.006,-0.001,-0.011,
1984,5,-0.009,,-0.006,-0.001,-0.011,
1984,6,0.011,,-0.006,-0.001,-0.011,
1984,7,-0.027,,-0.006,-0.001,-0.010,
1984,8,0.018,,-0.005,-0.000,-0.010,
1984,9,-0.070,,-0.005,-0.000,-0.010,
1984,10,-0.021,,-0.005,0.000,-0.010,
1984,11,-0.009,,-0.005,0.000,-0.010,
1984,12,-0.027,,-0.004,0.001,-0.009,
1985,1,0.033,,-0.004,0.001,-0.009,
1985,2,-0.015,,-0.004,0.001,-0.009,
1985,3,-0.052,,-0.004,0.001,-0.009,
1985,4,-0.042,,-0.003,0.002,-0.008,
1985,5,0.021,,-0.003,0.002,-0.008,
1985,6,-0.017,,-0.003,0.002,-0.008,
1985,7,-0.015,,-0.003,0.002,-0.008,
1985,8,-0.003,,-0.002,0.003,-0.007,
1985,9,0.003,,-0.002,0.003,-0.007,
1985,10,-0.052,,-0.002,0.003,-0.007,
1985,11,0.037,,-0.002,0.003,-0.007,
1985,12,0.010,,-0.001,0.004,-0.007,
1986,1,-0.080,,-0.001,0.004,-0.006,
1986,2,0.020,,-0.001,0.004,-0.006,
1986,3,-0.086,,-0.001,0.004,-0.006,
1986,4,0.044,,-0.001,0.004,-0.006,
1986,5,0.021,,-0.000,0.005,-0.005,
1986,6,-0.029,,-0.000,0.005,-0.005,
1986,7,0.012,,0.000,0.005,-0.005,
1986,8,-0.033,,0.000,0.005,-0.005,
1986,9,-0.049,,0.001,0.006,-0.004,
1986,10,-0.015,,0.001,0.006,-0.004,
1986,11,-0.073,,0.001,0.006,-0.004,
1986,12,-0.042,,0.001,0.006,-0.004,
1987,1,0.063,,0.002,0.007,-0.004,
1987,2,-0.052,,0.002,0.007,-0.003,
1987,3,0.036,,0.002,0.007,-0.003,
1987,4,0.062,,0.002,0.007,-0.003,
1987,5,-0.049,,0.003,0.008,-0.003,
1987,6,-0.029,,0.003,0.008,-0.002,
1987,7,-0.003,,0.003,0.008,-0.002,
1987,8,-0.018,,0.003,0.008,-0.002,
1987,9,-0.024,,0.003,0.009,-0.002,
1987,10,-0.055,,0.004,0.009,-0.001,
1987,11,-0.070,,0.004,0.009,-0.001,
1987,12,0.040,,0.004,0.009,-0.001,
1988,1,-0.114,,0.004,0.010,-0.001,
1988,2,-0.055,,0.005,0.010,-0.001,
1988,3,-0.077,,0.005,0.010,-0.000,
1988,4,0.071,,0.005,0.010,-0.000,
1988,5,-0.027,,0.005,0.011,0.000,
1988,6,-0.005,,0.006,0.011,0.000,
1988,7,-0.058,,0.006,0.011,0.001,
1988,8,-0.033,,0.006,0.011,0.001,
1988,9,-0.067,,0.006,0.012,0.001,
1988,10,-0.024,,0.007,0.012,0.001,
1988,11,-0.046,,0.007,0.012,0.002,
1988,12,-0.045,,0.007,0.012,0.002,
1989,1,-0.047,,0.007,0.013,0.002,
1989,2,-0.076,,0.007,0.013,0.002,
1989,3,-0.101,,0.008,0.013,0.002,
1989,4,-0.075,,0.008,0.013,0.003,
1989,5,-0.036,,0.008,0.013,0.003,
1989,6,-0.011,,0.008,0.014,0.003,
1989,7,-0.021,,0.009,0.014,0.003,
1989,8,-0.003,,0.009,0.014,0.004,
1989,9,-0.043,,0.009,0.014,0.004,
1989,10,-0.036,,0.009,0.015,0.004,
1989,11,-0.033,,0.010,0.015,0.004,
1989,12,-0.088,,0.010,0.015,0.004,
1990,1,-0.062,,0.010,0.015,0.005,
1990,2,-0.061,,0.010,0.016,0.005,
1990,3,-0.135,,0.011,0.016,0.005,
1990,4,-0.106,,0.011,0.016,0.005,
1990,5,0.006,,0.011,0.016,0.006,
1990,6,-0.014,,0.011,0.017,0.006,
1990,7,-0.039,,0.011,0.017,0.006,
1990,8,0.012,,0.012,0.017,0.006,
1990,9,0.003,,0.012,0.017,0.007,
1990,10,-0.018,,0.012,0.018,0.007,
1990,11,0.003,,0.012,0.018,0.007,
1990,12,-0.054,,0.013,0.018,0.007,
1991,1,-0.016,,0.013,0.018,0.007,
1991,2,-0.036,,0.013,0.019,0.008,
1991,3,0.064,,0.013,0.019,0.008,
1991,4,-0.002,,0.014,0.019,0.008,
1991,5,-0.021,,0.014,0.019,0.008,
1991,6,0.020,,0.014,0.020,0.009,
1991,7,-0.003,,0.014,0.020,0.009,
1991,8,0.000,,0.015,0.020,0.009,
1991,9,-0.027,,0.015,0.020,0.009,
1991,10,0.028,,0.015,0.021,0.010,
1991,11,0.009,,0.015,0.021,0.010,
1991,12,-0.006,,0.016,0.021,0.010,
1992,1,0.030,,0.016,0.021,0.010,
1992,2,0.035,,0.016,0.022,0.010,
1992,3,-0.004,,0.016,0.022,0.011,
1992,4,0.001,,0.016,0.022,0.011,
1992,5,-0.027,,0.017,0.022,0.011,
1992,6,0.026,,0.017,0.023,0.011,
1992,7,0.000,,0.017,0.023,0.012,
1992,8,-0.021,,0.017,0.023,0.012,
1992,9,-0.064,,0.018,0.023,0.012,
1992,10,-0.033,,0.018,0.023,0.012,
1992,11,-0.036,,0.018,0.024,0.012,
1992,12,0.040,,0.018,0.024,0.013,
1993,1,-0.013,,0.019,0.024,0.013,
1993,2,0.062,,0.019,0.024,0.013,
1993,3,-0.021,,0.019,0.025,0.013,
1993,4,0.083,,0.019,0.025,0.014,
1993,5,0.049,,0.020,0.025,0.014,
1993,6,0.001,,0.020,0.025,0.014,
1993,7,0.025,,0.020,0.026,0.014,
1993,8,0.003,,0.020,0.026,0.015,
1993,9,-0.003,,0.020,0.026,0.015,
1993,10,-0.033,,0.021,0.026,0.015,
1993,11,-0.073,,0.021,0.027,0.015,
1993,12,0.034,,0.021,0.027,0.015,
1994,1,-0.111,,0.021,0.027,0.016,
1994,2,-0.065,,0.022,0.027,0.016,
1994,3,-0.012,,0.022,0.028,0.016,
1994,4,-0.115,,0.022,0.028,0.016,
1994,5,0.018,,0.022,0.028,0.017,
1994,6,-0.076,,0.023,0.028,0.017,
1994,7,-0.017,,0.023,0.029,0.017,
1994,8,-0.030,,0.023,0.029,0.017,
1994,9,0.017,,0.023,0.029,0.017,
1994,10,-0.032,,0.024,0.029,0.018,
1994,11,-0.097,,0.024,0.030,0.018,
1994,12,-0.020,,0.024,0.030,0.018,
1995,1,-0.018,,0.024,0.030,0.018,
1995,2,-0.037,,0.024,0.030,0.019,
1995,3,-0.026,,0.025,0.031,0.019,
1995,4,-0.058,,0.025,0.031,0.019,
1995,5,0.021,,0.025,0.031,0.019,
1995,6,-0.063,,0.025,0.031,0.020,
1995,7,-0.013,,0.026,0.032,0.020,
1995,8,0.023,,0.026,0.032,0.020,
1995,9,-0.000,,0.026,0.032,0.020,
1995,10,0.014,,0.026,0.032,0.020,
1995,11,0.048,,0.027,0.033,0.021,
1995,12,0.068,,0.027,0.033,0.021,
1996,1,0.087,,0.027,0.033,0.021,
1996,2,0.036,,0.027,0.033,0.021,
1996,3,-0.006,,0.028,0.034,0.022,
1996,4,0.072,,0.028,0.034,0.022,
1996,5,0.014,,0.028,0.034,0.022,
1996,6,-0.009,,0.028,0.034,0.022,
1996,7,0.034,,0.028,0.034,0.022,
1996,8,0.007,,0.029,0.035,0.023,
1996,9,0.153,,0.029,0.035,0.023,
1996,10,0.102,,0.029,0.035,0.023,
1996,11,0.060,,0.029,0.035,0.023,
1996,12,0.102,,0.030,0.036,0.024,
1997,1,0.050,,0.030,0.036,0.024,
1997,2,0.015,,0.030,0.036,0.024,
1997,3,0.018,,0.030,0.036,0.024,
1997,4,0.125,,0.031,0.037,0.025,
1997,5,0.007,,0.031,0.037,0.025,
1997,6,0.040,,0.031,0.037,0.025,
1997,7,0.009,,0.031,0.037,0.025,
1997,8,0.030,,0.032,0.038,0.025,
1997,9,0.033,,0.032,0.038,0.026,
1997,10,0.030,,0.032,0.038,0.026,
1997,11,0.083,,0.032,0.038,0.026,
1997,12,0.067,,0.033,0.039,0.026,
1998,1,0.128,,0.033,0.039,0.027,
1998,2,0.194,,0.033,0.039,0.027,
1998,3,0.084,,0.033,0.039,0.027,
1998,4,0.114,,0.033,0.040,0.027,
1998,5,0.119,,0.034,0.040,0.027,
1998,6,0.070,,0.034,0.040,0.028,
1998,7,0.057,,0.034,0.040,0.028,
1998,8,-0.008,,0.034,0.041,0.028,
1998,9,0.049,,0.035,0.041,0.028,
1998,10,-0.014,,0.035,0.041,0.029,
1998,11,-0.025,,0.035,0.041,0.029,
1998,12,-0.022,,0.035,0.042,0.029,
1999,1,-0.034,,0.036,0.042,0.029,
1999,2,0.080,,0.036,0.042,0.030,
1999,3,0.022,,0.036,0.042,0.030,
1999,4,0.055,,0.036,0.043,0.030,
1999,5,0.009,,0.037,0.043,0.030,
1999,6,-0.032,,0.037,0.043,0.030,
1999,7,0.030,,0.037,0.043,0.031,
1999,8,0.046,,0.037,0.044,0.031,
1999,9,0.030,,0.037,0.044,0.031,
1999,10,-0.020,,0.038,0.044,0.031,
1999,11,-0.044,,0.038,0.044,0.032,
1999,12,-0.007,,0.038,0.045,0.032,
2000,1,0.005,,0.038,0.045,0.032,
2000,2,-0.086,,0.039,0.045,0.032,
2000,3,0.032,,0.039,0.045,0.032,
2000,4,0.029,,0.039,0.046,0.033,
2000,5,0.064,,0.039,0.046,0.033,
2000,6,0.026,,0.040,0.046,0.033,
2000,7,0.066,,0.040,0.046,0.033,
2000,8,0.041,,0.040,0.047,0.034,
2000,9,0.005,,0.040,0.047,0.034,
2000,10,-0.032,,0.041,0.047,0.034,
2000,11,0.058,,0.041,0.047,0.034,
2000,12,-0.067,,0.041,0.047,0.035,
2001,1,0.030,,0.041,0.048,0.035,
2001,2,-0.070,,0.041,0.048,0.035,
2001,3,0.068,,0.042,0.048,0.035,
2001,4,-0.011,,0.042,0.048,0.035,
2001,5,0.006,,0.042,0.049,0.036,
2001,6,-0.016,,0.042,0.049,0.036,
2001,7,0.008,,0.043,0.049,0.036,
2001,8,0.008,,0.043,0.049,0.036,
2001,9,0.038,,0.043,0.050,0.037,
2001,10,0.007,,0.043,0.050,0.037,
2001,11,-0.025,,0.044,0.050,0.037,
2001,12,0.042,,0.044,0.050,0.037,
2002,1,0.006,,0.044,0.051,0.037,
2002,2,0.056,,0.044,0.051,0.038,
2002,3,-0.091,,0.045,0.051,0.038,
2002,4,-0.056,,0.045,0.051,0.038,
2002,5,-0.021,,0.045,0.052,0.038,
2002,6,-0.005,,0.045,0.052,0.039,
2002,7,0.019,,0.045,0.052,0.039,
2002,8,0.027,,0.046,0.052,0.039,
2002,9,0.044,,0.046,0.053,0.039,
2002,10,0.032,,0.046,0.053,0.040,
2002,11,0.024,,0.046,0.053,0.040,
2002,12,0.053,,0.047,0.053,0.040,
2003,1,0.040,,0.047,0.054,0.040,
2003,2,-0.083,,0.047,0.054,0.040,
2003,3,-0.004,,0.047,0.054,0.041,
2003,4,0.023,,0.048,0.054,0.041,
2003,5,0.046,,0.048,0.055,0.041,
2003,6,0.063,,0.048,0.055,0.041,
2003,7,0.046,,0.048,0.055,0.042,
2003,8,0.050,,0.049,0.055,0.042,
2003,9,0.058,,0.049,0.056,0.042,
2003,10,0.015,,0.049,0.056,0.042,
2003,11,0.015,,0.049,0.056,0.042,
2003,12,0.070,,0.050,0.056,0.043,
2004,1,0.006,,0.050,0.057,0.043,
2004,2,-0.037,,0.050,0.057,0.043,
2004,3,-0.019,,0.050,0.057,0.043,
2004,4,0.014,,0.050,0.057,0.044,
2004,5,-0.002,,0.051,0.058,0.044,
2004,6,0.027,,0.051,0.058,0.044,
2004,7,0.044,,0.051,0.058,0.044,
2004,8,0.026,,0.051,0.058,0.044,
2004,9,0.050,,0.052,0.059,0.045,
2004,10,0.128,,0.052,0.059,0.045,
2004,11,0.053,,0.052,0.059,0.045,
2004,12,0.067,,0.052,0.059,0.045,
2005,1,0.083,,0.053,0.060,0.046,
2005,2,0.083,,0.053,0.060,0.046,
2005,3,0.115,,0.053,0.060,0.046,
2005,4,0.131,,0.053,0.060,0.046,
2005,5,0.176,,0.054,0.061,0.047,
2005,6,0.091,,0.054,0.061,0.047,
2005,7,0.091,,0.054,0.061,0.047,
2005,8,0.062,,0.054,0.061,0.047,
2005,9,0.042,,0.054,0.062,0.047,
2005,10,0.108,,0.055,0.062,0.048,
2005,11,0.043,,0.055,0.062,0.048,
2005,12,0.041,,0.055,0.062,0.048,
2006,1,0.090,,0.055,0.062,0.048,
2006,2,0.062,,0.056,0.063,0.049,
2006,3,0.047,,0.056,0.063,0.049,
2006,4,0.028,,0.056,0.063,0.049,
2006,5,0.133,,0.056,0.063,0.049,
2006,6,0.098,,0.057,0.064,0.049,
2006,7,0.051,,0.057,0.064,0.050,
2006,8,0.079,,0.057,0.064,0.050,
2006,9,0.105,,0.057,0.064,0.050,
2006,10,0.089,,0.058,0.065,0.050,
2006,11,0.073,,0.058,0.065,0.051,
2006,12,0.014,,0.058,0.065,0.051,
2007,1,0.036,,0.058,0.065,0.051,
2007,2,-0.031,,0.058,0.066,0.051,
2007,3,-0.065,,0.059,0.066,0.051,
2007,4,0.102,,0.059,0.066,0.052,
2007,5,0.027,,0.059,0.066,0.052,
2007,6,0.107,,0.059,0.067,0.052,
2007,7,0.069,,0.060,0.067,0.052,
2007,8,0.062,,0.060,0.067,0.053,
2007,9,0.026,,0.060,0.067,0.053,
2007,10,0.070,,0.060,0.068,0.053,
2007,11,0.023,,0.061,0.068,0.053,
2007,12,0.012,,0.061,0.068,0.054,
2008,1,0.041,,0.061,0.068,0.054,
2008,2,0.028,,0.061,0.069,0.054,
2008,3,0.023,,0.062,0.069,0.054,
2008,4,0.017,,0.062,0.069,0.054,
2008,5,0.139,,0.062,0.069,0.055,
2008,6,0.068,,0.062,0.070,0.055,
2008,7,0.057,,0.062,0.070,0.055,
2008,8,0.097,,0.063,0.070,0.055,
2008,9,0.062,,0.063,0.070,0.056,
2008,10,0.088,,0.063,0.071,0.056,
2008,11,0.060,,0.063,0.071,0.056,
2008,12,0.007,,0.064,0.071,0.056,
2009,1,0.040,,0.064,0.071,0.056,
2009,2,0.082,,0.064,0.072,0.057,
2009,3,0.038,,0.064,0.072,0.057,
2009,4,0.058,,0.065,0.072,0.057,
2009,5,0.033,,0.065,0.072,0.057,
2009,6,0.153,,0.065,0.073,0.058,
2009,7,0.152,,0.065,0.073,0.058,
2009,8,,,0.066,0.073,0.058,
2009,9,,,0.066,0.073,0.058,
2009,10,0.140,,0.066,0.074,0.058,
2009,11,0.114,,0.066,0.074,0.059,
2009,12,0.122,,0.067,0.074,0.059,
2010,1,0.189,,0.067,0.074,0.059,
2010,2,0.237,,0.067,0.075,0.059,
2010,3,0.278,,0.067,0.075,0.060,
2010,4,0.167,,0.067,0.075,0.060,
2010,5,0.108,,0.068,0.075,0.060,
2010,6,0.120,,0.068,0.076,0.060,
2010,7,0.104,,0.068,0.076,0.061,
2010,8,0.105,,0.068,0.076,0.061,
2010,9,0.120,,0.069,0.076,0.061,
2010,10,0.125,,0.069,0.077,0.061,
2010,11,0.123,,0.069,0.077,0.061,
2010,12,0.195,,0.069,0.077,0.062,
2011,1,0.139,,0.070,0.077,0.062,
2011,2,0.105,,0.070,0.078,0.062,
2011,3,0.067,,0.070,0.078,0.062,
2011,4,0.089,,0.070,0.078,0.063,
2011,5,0.160,,0.071,0.078,0.063,
2011,6,0.158,,0.071,0.079,0.063,
2011,7,0.139,,0.071,0.079,0.063,
2011,8,0.158,,0.071,0.079,0.063,
2011,9,0.106,,0.071,0.079,0.064,
2011,10,0.164,,0.072,0.080,0.064,
2011,11,0.059,,0.072,0.080,0.064,
2011,12,0.059,,0.072,0.080,0.064,
2012,1,0.055,,0.072,0.080,0.065,
2012,2,0.056,,0.073,0.080,0.065,
2012,3,0.056,,0.073,0.081,0.065,
2012,4,0.120,,0.073,0.081,0.065,
2012,5,0.064,,0.073,0.081,0.065,
2012,6,0.168,,0.074,0.081,0.066,
2012,7,0.111,,0.074,0.082,0.066,
2012,8,0.099,,0.074,0.082,0.066,
2012,9,0.062,,0.074,0.082,0.066,
2012,10,0.128,,0.075,0.082,0.067,
2012,11,0.103,,0.075,0.083,0.067,
2012,12,0.164,,0.075,0.083,0.067,
2013,1,0.032,,0.075,0.083,0.067,
2013,2,0.086,,0.075,0.083,0.068,
2013,3,0.218,,0.076,0.084,0.068,
2013,4,0.054,,0.076,0.084,0.068,
2013,5,0.059,,0.076,0.084,0.068,
2013,6,0.114,,0.076,0.084,0.068,
2013,7,0.140,,0.077,0.085,0.069,
2013,8,0.113,,0.077,0.085,0.069,
2013,9,0.106,,0.077,0.085,0.069,
2013,10,0.096,,0.077,0.085,0.069,
2013,11,0.010,,0.078,0.086,0.070,
2013,12,0.051,,0.078,0.086,0.070,
2014,1,0.060,,0.078,0.086,0.070,
2014,2,0.021,,0.078,0.086,0.070,
2014,3,0.047,,0.079,0.087,0.070,
2014,4,0.084,,0.079,0.087,0.071,
2014,5,0.123,,0.079,0.087,0.071,
2014,6,0.108,,0.079,0.087,0.071,
2014,7,0.084,,0.079,0.088,0.071,
2014,8,0.111,,0.080,0.088,0.072,
2014,9,0.086,,0.080,0.088,0.072,
2014,10,0.169,,0.080,0.088,0.072,
2014,11,0.081,,0.080,0.089,0.072,
2014,12,0.120,,0.081,0.089,0.072,
2015,1,0.047,,0.081,0.089,0.073,
2015,2,0.049,,0.081,0.089,0.073,
2015,3,-0.046,,0.081,0.090,0.073,
2015,4,0.040,,0.082,0.090,0.073,
2015,5,-0.003,,0.082,0.090,0.074,
2015,6,0.059,,0.082,0.090,0.074,
2015,7,0.141,,0.082,0.091,0.074,
2015,8,0.108,,0.083,0.091,0.074,
2015,9,0.103,,0.083,0.091,0.074,
2015,10,0.113,,0.083,0.091,0.075,
2015,11,0.037,,0.083,0.092,0.075,
2015,12,0.096,,0.084,0.092,0.075,
2016,1,0.143,,0.084,0.092,0.075,
2016,2,0.100,,0.084,0.092,0.076,
2016,3,0.091,,0.084,0.093,0.076,
2016,4,0.103,,0.084,0.093,0.076,
2016,5,0.086,,0.085,0.093,0.076,
2016,6,0.098,,0.085,0.093,0.077,
2016,7,0.101,,0.085,0.094,0.077,
2016,8,0.072,,0.085,0.094,0.077,
2016,9,0.104,,0.086,0.094,0.077,
2016,10,0.120,,0.086,0.094,0.077,
2016,11,0.098,,0.086,0.095,0.078,
2016,12,0.084,,0.086,0.095,0.078,
2017,1,0.112,,0.087,0.095,0.078,
2017,2,0.134,,0.087,0.095,0.078,
2017,3,0.021,,0.087,0.096,0.079,
2017,4,0.142,,0.087,0.096,0.079,
2017,5,0.188,,0.088,0.096,0.079,
2017,6,0.122,,0.088,0.096,0.079,
2017,7,,,0.088,0.097,0.079,
2017,8,0.101,,0.088,0.097,0.080,
2017,9,0.141,,0.088,0.097,0.080,
2017,10,0.083,,0.089,0.097,0.080,
2017,11,0.092,,0.089,0.098,0.080,
2017,12,0.044,,0.089,0.098,0.081,
2018,1,0.023,,0.089,0.098,0.081,
2018,2,0.009,,0.090,0.098,0.081,
2018,3,0.284,,0.090,0.099,0.081,
2018,4,0.093,,0.090,0.099,0.081,
2018,5,0.085,,0.090,0.099,0.082,
2018,6,0.130,,0.091,0.099,0.082,
2018,7,0.078,,0.091,0.100,0.082,
2018,8,0.136,,0.091,0.100,0.082,
2018,9,0.143,,0.091,0.100,0.083,
2018,10,0.133,,0.092,0.100,0.083,
2018,11,0.105,,0.092,0.101,0.083,
2018,12,0.131,,0.092,0.101,0.083,
2019,1,0.136,,0.092,0.101,0.083,
2019,2,0.049,,0.092,0.101,0.084,
2019,3,0.083,,0.093,0.101,0.084,
2019,4,,,0.093,0.102,0.084,
2019,5,,,0.093,0.102,0.084,
2019,6,,,0.093,0.102,0.085,
2019,7,,,0.094,0.102,0.085,
2019,8,,,0.094,0.103,0.085,
2019,9,,,0.094,0.103,0.085,
2019,10,,,0.094,0.103,0.086,
2019,11,,,0.095,0.103,0.086,
2019,12,,,0.095,0.104,0.086,
2020,1,,,0.095,0.104,0.086,
2020,2,,,0.095,0.104,0.086,
2020,3,,,0.096,0.104,0.087,
2020,4,,,0.096,0.105,0.087,
2020,5,,,0.096,0.105,0.087,
2020,6,,,0.096,0.105,0.087,
2020,7,,,0.096,0.105,0.088,
2020,8,,,0.097,0.106,0.088,
2020,9,,,0.097,0.106,0.088,
2020,10,,,0.097,0.106,0.088,
2020,11,,,0.097,0.106,0.088,
2020,12,,,0.098,0.107,0.089,
